Sequence,num_structures,dG,tm,TriggerX_tm
TAGCATGCTTGAGGGGTGTGAGACTCTAGCATGCTTGAGGGGT,1,-6.11,70.19398347509019,46.6633532765606
GTATCTGCTTAGTGCTTGTGAGACTCGTATCTGCTTAGTGCTT,6,5.39,65.26698186258835,40.89291873111495
CTCAGAAATTAGGGTATGTGAGACTCCTCAGAAATTAGGGTAT,5,4.26,62.05896481819923,36.52469677388888
ACCCGAAGCTGGATGGTGTGAGACTCACCCGAAGCTGGATGGT,4,1.33,72.53898189710043,49.732527739501336
ATTCCGCCTGTGAGTATGTGAGACTCATTCCGCCTGTGAGTAT,2,-0.66,68.02699053920685,45.39837707393508
CCTGAAAGTGATAGTCTGTGAGACTCCCTGAAAGTGATAGTCT,1,-0.99,64.25645452113122,38.75204518882549
ACCCAAGCATGCGAAGTGTGAGACTCACCCAAGCATGCGAAGT,2,-3.13,71.50347953155239,48.80920962056672
ACGCACTTATAGATCCTGTGAGACTCACGCACTTATAGATCCT,2,0.64,65.2310272245183,40.66167678722024
TGCCGAAGCCGCGTTGTGTGAGACTCTGCCGAAGCCGCGTTGT,2,-0.28,76.07877950082917,55.703166877780745
GTGGGACGGTACCCCTTGTGAGACTCGTGGGACGGTACCCCTT,2,-1.83,73.21785471150815,51.0272613784598
GTGAGAAGTGGCTGATTGTGAGACTCGTGAGAAGTGGCTGATT,5,6.39,67.71841761727973,44.08109894030173
CTTGGTCGCATGTTATTGTGAGACTCCTTGGTCGCATGTTATT,4,3.07,66.22124947048354,42.548040810124974
GTGATTCTACGATTTCTGTGAGACTCGTGATTCTACGATTTCT,3,0.3199999999999999,63.019026923318734,37.45426309412227
CTGGGCCCGCGGTGGCTGTGAGACTCCTGGGCCCGCGGTGGCT,4,-13.8,80.88450284756266,60.77967984898135
TCGTCATATTCGAAAGTGTGAGACTCTCGTCATATTCGAAAGT,6,1.13,63.84211372419753,39.1293463352468
CACAATCCAGAGCAGCTGTGAGACTCCACAATCCAGAGCAGCT,2,-2.12,69.90810436099838,46.4338399826151
CCGCGCATCCCATTTCTGTGAGACTCCCGCGCATCCCATTTCT,1,-1.06,72.74137009334146,50.42807808658097
TGTTGTAAACGAAGCCTGTGAGACTCTGTTGTAAACGAAGCCT,3,1.7400000000000002,66.7584096179927,43.21213499727514
AATTGTGTTCTAGTATTGTGAGACTCAATTGTGTTCTAGTATT,12,17.79,59.62634321093287,33.614205772954904
GTCGGTGCAGACTGACTGTGAGACTCGTCGGTGCAGACTGACT,6,-0.8900000000000001,71.51588504271308,48.74251710017506
TGTGACAACGCCTGGGTGTGAGACTCTGTGACAACGCCTGGGT,2,-0.2699999999999999,72.99068945852758,50.8635631642934
AGAGGCTGCCCGCAATTGTGAGACTCAGAGGCTGCCCGCAATT,1,-2.23,73.60574239998289,52.68813116581373
CCCATAGCGGAATGGATGTGAGACTCCCCATAGCGGAATGGAT,4,-2.24,69.35831960513502,46.42006696225246
GAGGTCAACCAGGCTCTGTGAGACTCGAGGTCAACCAGGCTCT,5,-1.4999999999999998,71.18152166893566,47.613840587742914
CGCGCGCTGTAATGCCTGTGAGACTCCGCGCGCTGTAATGCCT,2,-7.58,75.21321843347596,54.33513600147302
GGTGGCGGGACTTCGGTGTGAGACTCGGTGGCGGGACTTCGGT,4,-0.6799999999999999,76.09791890318763,54.14551523192381
TAGAACTACTTACTCTTGTGAGACTCTAGAACTACTTACTCTT,4,1.76,59.75816056253666,33.838496850278545
ACATTCACCGGCCGTCTGTGAGACTCACATTCACCGGCCGTCT,2,-7.8,72.91869264335048,51.11607962338252
ACTTTCTGGTCCACTGTGTGAGACTCACTTTCTGGTCCACTGT,5,2.99,68.07431939140156,43.7984563804194
GAACAATGTGAGTACGTGTGAGACTCGAACAATGTGAGTACGT,5,0.64,65.66085868298404,40.76331572550504
CATTGTTCGTCACGGTTGTGAGACTCCATTGTTCGTCACGGTT,2,-0.44,68.54034926491454,46.00846207957727
CACTCACAAGTATTCATGTGAGACTCCACTCACAAGTATTCAT,4,-7.98,63.09165579408665,38.45401689330555
AATGCGACGGTAAGGTTGTGAGACTCAATGCGACGGTAAGGTT,10,14.16,68.95818869500312,46.76006018598196
TAGCAATGTAGCGGGATGTGAGACTCTAGCAATGTAGCGGGAT,9,11.49,67.95646273624482,45.5297610445258
CCGGGGCCATGTACCCTGTGAGACTCCCGGGGCCATGTACCCT,5,-5.55,75.62342891877574,53.27783766286092
TGCCTTTTTCGCGTTGTGTGAGACTCTGCCTTTTTCGCGTTGT,1,-0.65,70.27002704861019,47.91335897838599
TCCAATTATTTAAATTTGTGAGACTCTCCAATTATTTAAATTT,4,1.95,56.31071876649321,29.160792692843017
GAGACTGTATACGGGGTGTGAGACTCGAGACTGTATACGGGGT,2,-0.2199999999999999,68.16169519143017,43.369112821601846
CATTCGTACGCCCGTATGTGAGACTCCATTCGTACGCCCGTAT,1,-1.4,69.64240926351374,47.76665676519991
GTGACTTCCGTAGTTATGTGAGACTCGTGACTTCCGTAGTTAT,4,2.62,64.66899057181558,40.49285359352257
TAGGATACAGAAGTTCTGTGAGACTCTAGGATACAGAAGTTCT,1,-2.85,62.12589451138888,36.32728395016522
TTCAAAACAATGTCTTTGTGAGACTCTTCAAAACAATGTCTTT,3,-0.76,61.2939745389437,36.36531216941989
GCGCCTCAACGCCCACTGTGAGACTCGCGCCTCAACGCCCACT,3,-1.47,77.00827603597548,56.11635910259304
TAATCCCGTCACGATTTGTGAGACTCTAATCCCGTCACGATTT,3,-0.88,66.11533668288297,42.96283107723366
TTTGGGTCCGTAGCCATGTGAGACTCTTTGGGTCCGTAGCCAT,5,3.4700000000000006,70.40957342200682,48.62594833121193
GGTCACCGTGTGCCAGTGTGAGACTCGGTCACCGTGTGCCAGT,4,-3.26,74.28952674438182,51.879608011779226
CAGCGTCTAACGTCCGTGTGAGACTCCAGCGTCTAACGTCCGT,7,0.79,71.6174963815331,49.13125739376443
CACAAGTGTGGGGTCATGTGAGACTCCACAAGTGTGGGGTCAT,2,-8.309999999999999,69.85825753597499,47.191459927013625
GAGGGTAATGTCAAGATGTGAGACTCGAGGGTAATGTCAAGAT,4,3.81,64.74185052970125,40.06877747522691
ATTAACCTGGCACAGTTGTGAGACTCATTAACCTGGCACAGTT,3,-3.34,66.72684351755083,43.16711330157426
TGACGCTAACAGTCTATGTGAGACTCTGACGCTAACAGTCTAT,1,-1.65,65.25761344452525,42.16003615730574
GGGAGGAGTAAAGATGTGTGAGACTCGGGAGGAGTAAAGATGT,1,-1.26,66.44053246807863,40.74014149892673
CATAGCGAATAGCAGATGTGAGACTCCATAGCGAATAGCAGAT,3,1.0,65.05043971658137,41.26572901703361
TCTCGCTGGTTGCGCCTGTGAGACTCTCTCGCTGGTTGCGCCT,2,-5.77,75.20766792341556,54.536374723560414
ACTTGCAAGACGATGATGTGAGACTCACTTGCAAGACGATGAT,2,-6.76,66.74866742240692,44.06130328574841
ACTGAGCATCCCGACATGTGAGACTCACTGAGCATCCCGACAT,3,1.82,70.26462282944408,48.45302954221262
GAGCCTACACCTATGCTGTGAGACTCGAGCCTACACCTATGCT,5,3.12,68.76934870972235,44.52870422403794
GAGACGCCCAACAAACTGTGAGACTCGAGACGCCCAACAAACT,3,3.13,70.38070329271449,47.16858501836913
AGTAGAGTGAATCTAGTGTGAGACTCAGTAGAGTGAATCTAGT,2,-3.14,61.9826555324405,35.611138384082494
TTTCGCTTATAATGGATGTGAGACTCTTTCGCTTATAATGGAT,13,27.97000000000001,61.96589603548762,37.51056148216111
TTCGAAGCGATGCCATTGTGAGACTCTTCGAAGCGATGCCATT,1,-0.91,69.43497393812703,47.74585533642835
CAACGCGACATCATTTTGTGAGACTCCAACGCGACATCATTTT,1,-1.77,67.21015621715492,44.40280856309556
CAGTAGGCCTAGGAGATGTGAGACTCCAGTAGGCCTAGGAGAT,1,-4.11,67.62250063680165,43.816186629833794
TTAATACCGCAACCTTTGTGAGACTCTTAATACCGCAACCTTT,2,1.01,64.62156100631944,40.782976651177535
ATAAAGAGAATTGGTTTGTGAGACTCATAAAGAGAATTGGTTT,1,-0.71,60.16293070601984,34.171280264311974
ACACCTTTTACATTCGTGTGAGACTCACACCTTTTACATTCGT,1,-1.73,64.66350866319272,39.74392039353978
TCCACGTTCTTGAAGATGTGAGACTCTCCACGTTCTTGAAGAT,5,3.15,66.0050149927394,43.04619527611988
CCTGCAACAACATAGATGTGAGACTCCCTGCAACAACATAGAT,4,2.7,65.69064444464743,41.84368756367718
AGATTGGCTGTCATTGTGTGAGACTCAGATTGGCTGTCATTGT,5,4.66,66.77131737295923,42.22869413703023
GAGAGAGTATACCCAATGTGAGACTCGAGAGAGTATACCCAAT,2,-3.27,63.69064729136511,38.50080130624468
GAGTGGGTATTTCGTTTGTGAGACTCGAGTGGGTATTTCGTTT,5,4.279999999999999,65.72576080082206,41.51384687991123
TTTTTCGTTAGCAAGCTGTGAGACTCTTTTTCGTTAGCAAGCT,7,8.09,65.34892258610125,41.52686496392192
TGCGCTTTGTGAGACCTGTGAGACTCTGCGCTTTGTGAGACCT,1,-0.93,70.99811244238651,48.849044914319904
GTGCGTATTCGATTTTTGTGAGACTCGTGCGTATTCGATTTTT,3,1.26,64.89922490106375,41.10340314196145
ACAACCCAACTCTCAGTGTGAGACTCACAACCCAACTCTCAGT,3,-0.8,68.07431939140162,43.79845638041934
TGTTGGCACATAATGATGTGAGACTCTGTTGGCACATAATGAT,4,-4.43,64.70797532005821,41.11713013340079
ATCCCTGATGACGTACTGTGAGACTCATCCCTGATGACGTACT,4,1.57,67.18864738870815,43.11371838664081
ATGACAGGGTTTATTTTGTGAGACTCATGACAGGGTTTATTTT,7,10.04,62.45627432172523,37.2177911199754
AAATCCCGGTGGGTCCTGTGAGACTCAAATCCCGGTGGGTCCT,1,-1.48,72.35348642809765,49.512476415236
TTTCTTTCTGATAGTCTGTGAGACTCTTTCTTTCTGATAGTCT,1,-0.99,60.90306313124199,34.93224989844197
CAGCGTATGCTCACCGTGTGAGACTCCAGCGTATGCTCACCGT,3,-5.99,72.02610026505488,49.4427775130149
TCCGGCCCTAACATATTGTGAGACTCTCCGGCCCTAACATATT,4,0.89,67.71522608938602,44.49503400280963
GAAGTTATGCTGTTTCTGTGAGACTCGAAGTTATGCTGTTTCT,4,3.72,63.75307518832369,38.295801057809854
AGAACTGACAAGCAAGTGTGAGACTCAGAACTGACAAGCAAGT,7,4.44,66.5967219492124,42.20468594699986
CACACCTCGCAACGTCTGTGAGACTCCACACCTCGCAACGTCT,2,-2.02,72.13946848783155,49.99599143733542
CTGGAATTCACAAGAATGTGAGACTCCTGGAATTCACAAGAAT,4,-3.33,63.639979182983495,39.02486020847954
ACTACAGTTCTTTACATGTGAGACTCACTACAGTTCTTTACAT,4,2.6900000000000004,61.30167368309981,36.295207666328906
TCTAATGGCGGCAACTTGTGAGACTCTCTAATGGCGGCAACTT,1,-2.78,68.90852739438424,46.62171065072772
GTTTACTGCGGCAAACTGTGAGACTCGTTTACTGCGGCAAACT,3,-1.3200000000000005,68.94791683304351,45.52707911726793
TTTAAACGGATCTAGCTGTGAGACTCTTTAAACGGATCTAGCT,9,13.92,63.56227149590256,38.718514700522405
TGCATATATTCTTTGTTGTGAGACTCTGCATATATTCTTTGTT,4,5.7,60.16305982871876,34.62896710325066
GGCGGCTGCCGAATACTGTGAGACTCGGCGGCTGCCGAATACT,2,-13.7,74.46108266509191,52.64599231166966
GGAACGGCGGTGCCCATGTGAGACTCGGAACGGCGGTGCCCAT,4,-2.8800000000000003,76.95151912561897,56.928897289567544
AGCGAGTTAAGCTCGCTGTGAGACTCAGCGAGTTAAGCTCGCT,2,-15.8,70.62540336969113,48.472312663604555
ACACTCAGTGATTGTGTGTGAGACTCACACTCAGTGATTGTGT,3,-8.41,66.33387194710343,41.84763023263474
TCCAAAGTTAATCCCGTGTGAGACTCTCCAAAGTTAATCCCGT,4,5.28,66.061203150844,41.38094868652183
CACTAAAGCGTTATGATGTGAGACTCCACTAAAGCGTTATGAT,13,21.14,63.45765001428032,39.25717857540832
GCCCTCGTCCGCTTACTGTGAGACTCGCCCTCGTCCGCTTACT,10,13.88,73.60291032464033,51.431054822905764
AAGTAGAGCCTTGATTTGTGAGACTCAAGTAGAGCCTTGATTT,5,1.5099999999999998,63.92507002395905,39.32053002887102
TACCATGTCTGGAAGCTGTGAGACTCTACCATGTCTGGAAGCT,3,-1.6199999999999999,67.56393991875325,43.64408729916903
TAGAGGAGAGCGATTGTGTGAGACTCTAGAGGAGAGCGATTGT,4,0.30000000000000004,67.02529910373522,42.83638814772377
ACTATGGTTTGACCTGTGTGAGACTCACTATGGTTTGACCTGT,7,4.14,65.87902621166836,40.81386935304107
TGTGTGACGCACAAACTGTGAGACTCTGTGTGACGCACAAACT,1,-2.37,69.4132789762914,47.02620185649653
ATGACCGCCTTGCCTGTGTGAGACTCATGACCGCCTTGCCTGT,8,12.93,73.27724864632603,50.995778890776705
CCATGGGAACGGGGACTGTGAGACTCCCATGGGAACGGGGACT,1,-4.61,73.50353958143654,50.59152149575846
TACTCGCTTCGGAGGATGTGAGACTCTACTCGCTTCGGAGGAT,2,-0.96,69.2951725779435,47.49500977326858
ATAGGTACCGGAAGATTGTGAGACTCATAGGTACCGGAAGATT,2,-2.25,64.95585273582924,40.54251657116066
GACCCTAGATGCGGTGTGTGAGACTCGACCCTAGATGCGGTGT,5,4.6499999999999995,71.2067907399902,47.5553880553195
CGTTATTCGACTATTCTGTGAGACTCCGTTATTCGACTATTCT,2,0.43,62.65822206554242,37.4082606149575
TACTCTCGGCCCTCTCTGTGAGACTCTACTCTCGGCCCTCTCT,5,1.67,70.51598723427077,47.52937736093554
CGCAAGTGTGGCACCATGTGAGACTCCGCAAGTGTGGCACCAT,3,-3.65,73.10395711212044,52.090713210479635
ACTTTAAGCAAATGTCTGTGAGACTCACTTTAAGCAAATGTCT,4,1.7799999999999998,62.6945752816701,37.379037924661304
TCGGAAGAGAATCTTTTGTGAGACTCTCGGAAGAGAATCTTTT,1,-3.41,63.766518102311124,39.554321263831184
GAACCGTGCCCACAGGTGTGAGACTCGAACCGTGCCCACAGGT,5,1.8599999999999999,74.37285067434846,51.81576511463993
AGTACAGTCGTATCGTTGTGAGACTCAGTACAGTCGTATCGTT,6,4.76,65.34130492542641,41.99775966732756
GCCCGCATGACGAGCGTGTGAGACTCGCCCGCATGACGAGCGT,8,-11.679999999999998,76.92040464538161,56.005381823774485
GAGAACGTGGGCGCGTTGTGAGACTCGAGAACGTGGGCGCGTT,1,-3.51,74.90514108579669,54.59155742797196
GGTCCACAGGGCGTAGTGTGAGACTCGGTCCACAGGGCGTAGT,5,0.13999999999999996,73.39034528961531,50.38362825946166
CCCCGAGGCGCACACCTGTGAGACTCCCCCGAGGCGCACACCT,2,-1.75,78.3083048916526,57.483037970760165
CATTTTGATCATGAGGTGTGAGACTCCATTTTGATCATGAGGT,4,2.45,63.707549312239394,37.72817477887497
